minRF, DOS
0.005,0.737313830619
0.01,0.554901856446
0.015,0.822657572033
0.02,0.610050661536
0.025,0.740077198506
0.03,0.999281282607
0.035,0.977001043406
0.04,0.81600834708
0.045,0.81600834708
0.05,0.849068434622
0.055,0.970190344401
0.06,0.880760467878
0.065,0.946089842632
0.07,0.892172692173
0.075,0.892172692173
0.08,0.784319052489
0.085,1.0
0.09,1.0
0.095,1.0
