db, DOS
5,0.985738488072
10,0.990427204322
15,0.962294906821
20,0.965420717654
25,0.989792273997
30,0.994115402811
35,0.94401086575
40,0.944035283166
45,0.994017733148
50,0.994017733148
5,0.985738488072,934
10,0.990427204322,627
15,0.962294906821,2470
20,0.965420717654,2265
25,0.989792273997,668
30,0.994115402811,771
35,0.94401086575,7337
40,0.944035283166,7334
45,0.994017733148,784
50,0.994017733148,784
