minRF,DOS
0.03,0.929957471367
0.0325,0.90580271929
0.035,0.942748069153
0.0375,0.974022813881
0.04,0.992182515421
0.0425,0.949840270597
0.045,0.989792273997
0.0475,0.918219613597
0.05,0.936517266716
0.0525,0.987044534413
0.055,0.943859649123
0.0575,0.943859649123
0.06,1.0
0.0625,1.0
0.065,1.0
0.0675,1.0
0.07,1.0
