db, DOS
5,0.849994277736
10,0.923240650228
15,0.806931568382
20,0.946089842632
25,0.946089842632
30,0.823040124516
35,0.892172692173
40,0.96718299327
45,0.96718299327
50,0.96718299327
55,0.957806705633
60,0.957806705633
65,0.96718299327
70,0.96718299327
75,0.96718299327
80,0.96718299327
85,0.96718299327
90,0.96718299327
95,0.96718299327
100,0.96718299327
