minRF, DOS
0.065,0.946089842632
0.07,0.892172692173
0.075,0.892172692173
0.08,0.784319052489
0.085,1.0
0.09,1.0
0.095,1.0
