db, DOS
5,1.0
10,0.899951148021
15,0.899951148021
20,0.899951148021
25,0.899951148021
30,0.899951148021
35,1.0
40,0.993744272711
45,0.993744272711
50,0.993744272711
55,0.993744272711
60,0.993744272711
65,0.993744272711
70,0.993744272711
75,0.993744272711
80,0.993744272711
85,0.993744272711
90,0.993744272711
95,0.993744272711
100,0.993744272711
