minRF,DOS
0.045,0.989792273997
0.0475,0.918219613597
0.05,0.936517266716
0.0525,0.987044534413
0.055,0.943859649123
0.0575,0.943859649123
0.06,1.0
